timestamp,market_trend_regime,vnindex_close
2016-01-05,0,569.94
2016-01-06,0,574.57
2016-01-07,0,565.36
2016-01-08,0,560.05
2016-01-11,0,557.87
2016-01-12,0,564.26
2016-01-13,0,560.37
2016-01-14,0,553.0301
2016-01-15,0,543.04
2016-01-18,0,526.37
2016-01-19,0,535.77
2016-01-20,0,529.44
2016-01-21,0,521.88
2016-01-22,1,522.24
2016-01-25,1,542.35
2016-01-26,1,537.73
2016-01-27,1,542.69
2016-01-28,1,539.47
2016-01-29,1,545.25
2016-02-01,1,540.56
2016-02-02,1,536.45
2016-02-03,1,539.07
2016-02-04,1,542.15
2016-02-05,1,544.75
2016-02-15,1,543.79
2016-02-16,1,548.05
2016-02-17,1,547.05
2016-02-18,1,552.49
2016-02-19,1,554.0301
2016-02-22,1,560.71
2016-02-23,1,561.2801
2016-02-24,1,568.04
2016-02-25,1,562.82
2016-02-26,1,566.11
2016-02-29,1,559.37
2016-03-01,1,561.56
2016-03-02,1,570.18
2016-03-03,1,570.39
2016-03-04,1,573.65
2016-03-07,1,576.2
2016-03-08,1,574.71
2016-03-09,1,571.71
2016-03-10,1,575.91
2016-03-11,1,577.26
2016-03-14,1,577.98
2016-03-15,1,574.04
2016-03-16,1,577.07
2016-03-17,1,579.26
2016-03-18,1,575.82
2016-03-21,1,572.27
2016-03-22,1,570.91
2016-03-23,1,574.71
2016-03-24,1,570.66
2016-03-25,1,572.08
2016-03-28,1,575.72
2016-03-29,1,568.2801
2016-03-30,1,569.91
2016-03-31,1,561.22
2016-04-01,1,558.43
2016-04-04,1,555.82
2016-04-05,1,560.32
2016-04-06,1,567.79
2016-04-07,1,571.6
2016-04-08,1,572.3401
2016-04-11,1,579.27
2016-04-12,1,579.8401
2016-04-13,1,578.02
2016-04-14,1,579.49
2016-04-15,1,579.86
2016-04-19,1,568.2801
2016-04-20,1,568.0301
2016-04-21,1,575.73
2016-04-22,1,592.48
2016-04-25,1,591.58
2016-04-26,1,598.48
2016-04-27,1,593.96
2016-04-28,1,591.67
2016-04-29,1,598.37
2016-05-04,1,599.07
2016-05-05,1,601.51
2016-05-06,1,606.52
2016-05-09,1,603.85
2016-05-10,1,605.05
2016-05-11,1,614.06
2016-05-12,1,612.12
2016-05-13,1,610.82
2016-05-16,1,615.7801
2016-05-17,1,624.75
2016-05-18,1,622.45
2016-05-19,1,619.2
2016-05-20,1,614.81
2016-05-23,1,611.0301
2016-05-24,1,611.62
2016-05-25,1,611.89
2016-05-26,1,604.3401
2016-05-27,1,608.11
2016-05-30,1,614.5
2016-05-31,1,618.44
2016-06-01,1,619.86
2016-06-02,1,623.37
2016-06-03,1,621.88
2016-06-06,1,620.05
2016-06-07,1,624.65
2016-06-08,1,627.87
2016-06-09,1,631.26
2016-06-10,1,629.8401
2016-06-13,1,623.58
2016-06-14,1,625.43
2016-06-15,1,627.02
2016-06-16,1,625.11
2016-06-17,1,619.25
2016-06-20,1,626.46
2016-06-21,1,628.0
2016-06-22,1,626.41
2016-06-23,1,632.27
2016-06-24,1,620.77
2016-06-27,1,621.27
2016-06-28,1,622.2
2016-06-29,1,630.12
2016-06-30,1,632.26
2016-07-01,1,640.3
2016-07-04,1,647.96
2016-07-05,1,650.88
2016-07-06,1,649.46
2016-07-07,1,661.12
2016-07-08,1,658.68
2016-07-11,1,652.26
2016-07-12,1,658.9
2016-07-13,1,675.12
2016-07-14,0,666.69
2016-07-15,0,664.56
2016-07-18,0,673.5
2016-07-19,0,667.76
2016-07-20,0,660.26
2016-07-21,0,659.57
2016-07-22,0,649.87
2016-07-25,0,649.3
2016-07-26,0,648.5901
2016-07-27,0,656.11
2016-07-28,0,657.14
2016-07-29,0,652.23
2016-08-01,0,648.38
2016-08-02,0,636.05
2016-08-03,0,631.61
2016-08-04,0,631.94
2016-08-05,0,627.39
2016-08-08,1,629.46
2016-08-09,1,637.3401
2016-08-10,1,648.33
2016-08-11,1,660.24
2016-08-12,1,655.71
2016-08-15,1,659.47
2016-08-16,1,658.11
2016-08-17,1,660.51
2016-08-18,1,660.65
2016-08-19,1,662.2801
2016-08-22,1,657.68
2016-08-23,1,659.16
2016-08-24,1,660.77
2016-08-25,1,658.5
2016-08-26,1,667.75
2016-08-29,1,669.44
2016-08-30,1,672.67
2016-08-31,1,674.63
2016-09-01,1,669.19
2016-09-05,1,664.55
2016-09-06,1,663.9
2016-09-07,1,661.2801
2016-09-08,1,666.07
2016-09-09,1,666.88
2016-09-12,1,659.76
2016-09-13,1,659.72
2016-09-14,1,656.64
2016-09-15,1,656.18
2016-09-16,1,651.31
2016-09-19,1,657.89
2016-09-20,1,663.37
2016-09-21,1,668.48
2016-09-22,1,671.38
2016-09-23,1,674.0901
2016-09-26,1,677.04
2016-09-27,1,684.89
2016-09-28,1,686.72
2016-09-29,1,688.55
2016-09-30,1,685.73
2016-10-03,1,683.05
2016-10-04,1,684.2
2016-10-05,1,687.04
2016-10-06,1,687.32
2016-10-07,1,683.95
2016-10-10,1,674.19
2016-10-11,1,682.36
2016-10-12,1,682.45
2016-10-13,1,685.23
2016-10-14,1,687.0
2016-10-17,1,680.95
2016-10-18,1,682.02
2016-10-19,1,688.89
2016-10-20,0,686.39
2016-10-21,0,684.83
2016-10-24,0,678.02
2016-10-25,0,676.18
2016-10-26,0,673.61
2016-10-27,0,676.9
2016-10-28,0,682.25
2016-10-31,0,675.8
2016-11-01,0,676.6
2016-11-02,0,671.4
2016-11-03,0,667.63
2016-11-04,0,666.73
2016-11-07,0,674.14
2016-11-08,0,676.46
2016-11-09,0,670.26
2016-11-10,0,678.17
2016-11-11,0,679.2
2016-11-14,0,673.05
2016-11-15,0,674.26
2016-11-16,0,674.6
2016-11-17,0,674.57
2016-11-18,0,673.25
2016-11-21,0,674.29
2016-11-22,0,681.91
2016-11-23,0,683.16
2016-11-24,0,678.18
2016-11-25,0,675.87
2016-11-28,0,665.29
2016-11-29,0,658.26
2016-11-30,0,665.07
2016-12-01,0,666.54
2016-12-02,0,665.14
2016-12-05,0,660.21
2016-12-06,0,651.49
2016-12-07,1,653.5301
2016-12-08,1,658.89
2016-12-09,1,663.07
2016-12-12,1,659.7
2016-12-13,1,654.66
2016-12-14,1,665.14
2016-12-15,1,665.92
2016-12-16,1,675.16
2016-12-19,1,674.33
2016-12-20,1,662.66
2016-12-21,1,666.94
2016-12-22,1,664.15
2016-12-23,1,664.37
2016-12-26,1,662.45
2016-12-27,1,663.86
2016-12-28,1,663.5
2016-12-29,1,664.72
2016-12-30,1,664.87
2017-01-03,1,672.01
2017-01-04,1,674.7
2017-01-05,1,675.81
2017-01-06,1,679.8
2017-01-09,1,682.57
2017-01-10,1,681.07
2017-01-11,1,687.16
2017-01-12,1,686.96
2017-01-13,1,685.06
2017-01-16,1,677.94
2017-01-17,1,684.71
2017-01-18,1,683.2801
2017-01-19,1,682.31
2017-01-20,1,686.26
2017-01-23,1,687.15
2017-01-24,1,691.36
2017-01-25,1,697.2801
2017-02-02,1,703.18
2017-02-03,1,700.35
2017-02-06,1,700.04
2017-02-07,1,701.91
2017-02-08,1,702.04
2017-02-09,1,700.65
2017-02-10,1,703.7801
2017-02-13,1,705.9
2017-02-14,1,706.26
2017-02-15,1,711.57
2017-02-16,1,709.35
2017-02-17,1,707.83
2017-02-20,1,710.5901
2017-02-21,1,716.55
2017-02-22,1,717.24
2017-02-23,1,716.87
2017-02-24,1,714.47
2017-02-27,1,717.44
2017-02-28,1,710.79
2017-03-01,1,709.52
2017-03-02,1,707.51
2017-03-03,1,712.62
2017-03-06,1,716.29
2017-03-07,1,716.54
2017-03-08,1,716.6
2017-03-09,1,715.8
2017-03-10,1,712.21
2017-03-13,1,710.17
2017-03-14,1,714.71
2017-03-15,1,713.14
2017-03-16,1,714.92
2017-03-17,1,710.54
2017-03-20,1,715.07
2017-03-21,1,716.18
2017-03-22,1,712.94
2017-03-23,1,719.56
2017-03-24,1,722.14
2017-03-27,1,723.52
2017-03-28,1,719.26
2017-03-29,1,720.47
2017-03-30,1,723.86
2017-03-31,1,722.31
2017-04-03,1,722.38
2017-04-04,1,724.14
2017-04-05,1,723.22
2017-04-07,1,727.95
2017-04-10,1,729.87
2017-04-11,1,731.33
2017-04-12,1,725.58
2017-04-13,1,724.35
2017-04-14,1,718.45
2017-04-17,1,710.83
2017-04-18,1,714.93
2017-04-19,1,716.77
2017-04-20,1,712.66
2017-04-21,1,712.41
2017-04-24,1,709.39
2017-04-25,1,707.58
2017-04-26,1,710.04
2017-04-27,1,716.5301
2017-04-28,1,717.73
2017-05-03,1,719.54
2017-05-04,1,722.02
2017-05-05,1,720.0
2017-05-08,1,718.86
2017-05-09,1,722.11
2017-05-10,1,724.31
2017-05-11,1,724.99
2017-05-12,1,725.37
2017-05-15,1,725.35
2017-05-16,1,725.0301
2017-05-17,1,727.2
2017-05-18,1,726.99
2017-05-19,1,733.82
2017-05-22,1,744.1
2017-05-23,1,740.93
2017-05-24,1,742.74
2017-05-25,1,741.91
2017-05-26,1,743.41
2017-05-29,1,746.25
2017-05-30,1,738.21
2017-05-31,1,737.82
2017-06-01,1,741.8
2017-06-02,1,738.81
2017-06-05,1,743.49
2017-06-06,1,751.31
2017-06-07,1,753.46
2017-06-08,1,750.13
2017-06-09,1,749.72
2017-06-12,1,751.0901
2017-06-13,1,756.89
2017-06-14,1,760.77
2017-06-15,1,760.57
2017-06-16,1,761.24
2017-06-19,1,766.83
2017-06-20,1,767.99
2017-06-21,1,767.41
2017-06-22,1,766.3
2017-06-23,1,769.01
2017-06-26,1,772.52
2017-06-27,1,767.51
2017-06-28,1,769.04
2017-06-29,1,771.75
2017-06-30,1,776.47
2017-07-03,1,778.88
2017-07-04,1,775.54
2017-07-05,1,778.32
2017-07-06,1,782.65
2017-07-07,1,775.73
2017-07-10,1,766.56
2017-07-11,1,769.36
2017-07-12,1,774.17
2017-07-13,1,778.3
2017-07-14,1,777.6
2017-07-17,1,768.91
2017-07-18,1,767.49
2017-07-19,1,771.3
2017-07-20,1,768.41
2017-07-21,1,761.86
2017-07-24,1,759.74
2017-07-25,1,767.27
2017-07-26,1,773.88
2017-07-27,1,771.5
2017-07-28,1,777.0901
2017-07-31,1,783.55
2017-08-01,1,786.81
2017-08-02,1,786.23
2017-08-03,1,788.49
2017-08-04,1,788.68
2017-08-07,1,792.98
2017-08-08,1,791.57
2017-08-09,1,773.66
2017-08-10,1,773.43
2017-08-11,1,772.08
2017-08-14,1,776.17
2017-08-15,1,771.06
2017-08-16,1,773.57
2017-08-17,1,767.5901
2017-08-18,1,768.97
2017-08-21,1,768.79
2017-08-22,1,761.26
2017-08-23,1,765.98
2017-08-24,1,769.77
2017-08-25,1,771.63
2017-08-28,1,777.26
2017-08-29,1,774.0301
2017-08-30,1,778.65
2017-08-31,1,782.76
2017-09-01,1,788.73
2017-09-05,1,792.31
2017-09-06,1,793.55
2017-09-07,1,796.72
2017-09-08,1,801.2
2017-09-11,1,797.47
2017-09-12,1,799.94
2017-09-13,1,802.7801
2017-09-14,1,806.32
2017-09-15,1,805.82
2017-09-18,1,807.87
2017-09-19,1,805.93
2017-09-20,1,805.86
2017-09-21,1,803.93
2017-09-22,1,807.13
2017-09-25,1,805.58
2017-09-26,1,805.35
2017-09-27,1,803.77
2017-09-28,1,804.82
2017-09-29,1,804.42
2017-10-02,1,802.23
2017-10-03,1,798.0
2017-10-04,1,805.66
2017-10-05,1,805.23
2017-10-06,1,807.8
2017-10-09,1,808.96
2017-10-10,1,810.65
2017-10-11,1,813.95
2017-10-12,1,815.87
2017-10-13,1,820.95
2017-10-16,1,819.43
2017-10-17,1,828.29
2017-10-18,1,827.72
2017-10-19,1,828.93
2017-10-20,1,826.8401
2017-10-23,1,820.04
2017-10-24,1,825.24
2017-10-25,1,830.69
2017-10-26,1,830.11
2017-10-27,1,840.37
2017-10-30,1,845.2
2017-10-31,1,837.2801
2017-11-01,1,842.71
2017-11-02,1,833.0901
2017-11-03,1,843.73
2017-11-06,1,849.09
2017-11-07,1,850.33
2017-11-08,1,859.7
2017-11-09,1,860.4
2017-11-10,1,868.21
2017-11-13,1,879.34
2017-11-14,1,880.9
2017-11-15,1,882.59
2017-11-16,1,892.8
2017-11-17,1,890.69
2017-11-20,1,903.55
2017-11-21,1,918.3
2017-11-22,1,932.66
2017-11-23,1,933.7
2017-11-24,1,935.57
2017-11-27,1,938.61
2017-11-28,1,941.21
2017-11-29,1,952.14
2017-11-30,1,949.93
2017-12-01,1,960.33
2017-12-04,1,970.02
2017-12-05,0,953.3
2017-12-06,0,947.64
2017-12-07,0,938.65
2017-12-08,0,940.16
2017-12-11,0,917.45
2017-12-12,1,927.25
2017-12-13,1,924.4
2017-12-14,1,935.85
2017-12-15,1,935.16
2017-12-18,1,958.06
2017-12-19,1,951.42
2017-12-20,1,953.51
2017-12-21,1,946.06
2017-12-22,1,952.32
2017-12-25,1,958.31
2017-12-26,1,965.93
2017-12-27,1,968.46
2017-12-28,1,976.72
2017-12-29,1,984.24
2018-01-02,1,995.77
2018-01-03,1,1005.67
2018-01-04,1,1019.75
2018-01-05,1,1012.65
2018-01-08,1,1022.9
2018-01-09,1,1033.5601
2018-01-10,1,1038.11
2018-01-11,1,1048.17
2018-01-12,1,1050.11
2018-01-15,1,1063.47
2018-01-16,1,1062.96
2018-01-17,1,1034.6899
2018-01-18,1,1050.25
2018-01-19,1,1062.0699
2018-01-22,1,1087.42
2018-01-23,1,1086.51
2018-01-24,1,1086.51
2018-01-25,1,1104.5699
2018-01-26,1,1115.64
2018-01-29,0,1109.8
2018-01-30,0,1110.5601
2018-01-31,0,1110.36
2018-02-01,0,1099.67
2018-02-02,0,1105.04
2018-02-05,0,1048.71
2018-02-06,0,1011.6
2018-02-07,0,1040.55
2018-02-08,0,1023.25
2018-02-09,0,1003.94
2018-02-12,1,1041.79
2018-02-13,1,1059.73
2018-02-21,1,1087.15
2018-02-22,1,1076.03
2018-02-23,1,1102.85
2018-02-26,1,1114.53
2018-02-27,1,1119.61
2018-02-28,1,1121.54
2018-03-01,1,1115.79
2018-03-02,1,1121.21
2018-03-05,1,1093.48
2018-03-06,1,1120.29
2018-03-07,1,1112.26
2018-03-08,1,1124.15
2018-03-09,1,1123.41
2018-03-12,1,1126.29
2018-03-13,1,1133.3101
2018-03-14,1,1138.09
2018-03-15,1,1138.76
2018-03-16,1,1150.1899
2018-03-19,1,1159.22
2018-03-20,1,1159.39
2018-03-21,1,1169.36
2018-03-22,1,1172.36
2018-03-23,1,1153.59
2018-03-26,1,1171.22
2018-03-27,1,1171.73
2018-03-28,1,1172.24
2018-03-29,1,1167.03
2018-03-30,1,1174.46
2018-04-02,1,1196.61
2018-04-03,1,1188.29
2018-04-04,1,1191.54
2018-04-05,1,1193.17
2018-04-06,1,1199.96
2018-04-09,1,1204.33
2018-04-10,0,1198.12
2018-04-11,0,1167.11
2018-04-12,0,1173.02
2018-04-13,0,1157.14
2018-04-16,0,1148.49
2018-04-17,0,1153.28
2018-04-18,0,1138.53
2018-04-19,0,1094.63
2018-04-20,0,1119.86
2018-04-23,0,1076.78
2018-04-24,0,1080.74
2018-04-26,0,1044.86
2018-04-27,0,1050.26
2018-05-02,0,1029.08
2018-05-03,0,1026.46
2018-05-04,0,1026.8
2018-05-07,0,1062.26
2018-05-08,0,1060.45
2018-05-09,0,1056.97
2018-05-10,0,1028.87
2018-05-11,0,1044.85
2018-05-14,0,1066.98
2018-05-15,0,1073.5
2018-05-16,0,1054.62
2018-05-17,0,1030.64
2018-05-18,0,1040.54
2018-05-21,0,1014.98
2018-05-22,0,985.91
2018-05-23,0,988.94
2018-05-24,0,985.92
2018-05-25,0,963.9
2018-05-28,0,931.75
2018-05-29,1,952.18
2018-05-30,1,948.5
2018-05-31,1,971.25
2018-06-01,1,992.87
2018-06-04,1,1013.78
2018-06-05,1,1022.74
2018-06-06,1,1034.5
2018-06-07,1,1036.6899
2018-06-08,1,1039.01
2018-06-11,1,1039.02
2018-06-12,0,1020.76
2018-06-13,0,1030.53
2018-06-14,0,1015.72
2018-06-15,0,1016.51
2018-06-18,0,987.34
2018-06-19,0,962.16
2018-06-20,0,980.95
2018-06-21,0,969.4
2018-06-22,0,983.17
2018-06-25,0,990.52
2018-06-26,0,983.02
2018-06-27,0,968.91
2018-06-28,0,957.35
2018-06-29,0,960.78
2018-07-02,0,947.15
2018-07-03,0,906.01
2018-07-04,0,914.99
2018-07-05,0,899.4
2018-07-06,0,917.51
2018-07-09,0,915.12
2018-07-10,0,911.12
2018-07-11,0,893.16
2018-07-12,1,898.51
2018-07-13,1,909.72
2018-07-16,1,911.11
2018-07-17,1,921.27
2018-07-18,1,942.39
2018-07-19,1,943.97
2018-07-20,1,933.39
2018-07-23,1,936.74
2018-07-24,1,934.08
2018-07-25,1,927.58
2018-07-26,1,930.16
2018-07-27,1,935.52
2018-07-30,1,949.73
2018-07-31,1,956.39
2018-08-01,1,952.77
2018-08-02,1,953.55
2018-08-03,1,959.6
2018-08-06,1,960.23
2018-08-07,1,956.79
2018-08-08,1,966.27
2018-08-09,1,963.5
2018-08-10,1,968.47
2018-08-13,1,978.04
2018-08-14,1,978.27
2018-08-15,1,961.37
2018-08-16,1,964.28
2018-08-17,1,968.88
2018-08-20,1,969.62
2018-08-21,1,979.21
2018-08-22,1,982.15
2018-08-23,1,987.36
2018-08-24,1,987.05
2018-08-27,1,991.92
2018-08-28,1,995.19
2018-08-29,1,988.17
2018-08-30,1,998.07
2018-08-31,1,989.54
2018-09-04,1,975.94
2018-09-05,1,968.44
2018-09-06,1,958.19
2018-09-07,1,968.9
2018-09-10,1,970.34
2018-09-11,1,985.06
2018-09-12,1,987.01
2018-09-13,1,987.95
2018-09-14,1,991.34
2018-09-17,1,987.61
2018-09-18,1,993.49
2018-09-19,1,995.54
2018-09-20,1,1004.74
2018-09-21,1,1002.97
2018-09-24,1,1011.29
2018-09-25,1,1010.74
2018-09-26,1,1009.61
2018-09-27,1,1015.37
2018-09-28,1,1017.13
2018-10-01,1,1012.88
2018-10-02,1,1018.79
2018-10-03,1,1020.4
2018-10-04,1,1023.62
2018-10-05,0,1008.39
2018-10-08,0,996.12
2018-10-09,0,996.19
2018-10-10,0,993.96
2018-10-11,0,945.89
2018-10-12,0,970.08
2018-10-15,0,951.64
2018-10-16,0,963.37
2018-10-17,0,971.6
2018-10-18,0,963.47
2018-10-19,0,958.36
2018-10-22,0,953.51
2018-10-23,0,939.68
2018-10-24,0,922.73
2018-10-25,0,910.17
2018-10-26,0,900.82
2018-10-29,0,888.82
2018-10-30,0,888.69
2018-10-31,1,914.76
2018-11-01,1,907.96
2018-11-02,1,924.86
2018-11-05,1,925.53
2018-11-06,1,922.05
2018-11-07,1,922.16
2018-11-08,1,926.28
2018-11-09,1,914.29
2018-11-12,1,918.12
2018-11-13,1,905.38
2018-11-14,1,900.93
2018-11-15,1,897.15
2018-11-16,1,898.19
2018-11-19,1,916.06
2018-11-20,1,919.02
2018-11-21,1,922.56
2018-11-22,1,924.42
2018-11-23,1,917.97
2018-11-26,1,921.03
2018-11-27,1,923.12
2018-11-28,1,930.2
2018-11-29,1,926.79
2018-11-30,1,926.54
2018-12-03,1,951.59
2018-12-04,1,958.84
2018-12-05,1,957.14
2018-12-06,1,954.82
2018-12-07,1,958.59
2018-12-10,1,955.89
2018-12-11,1,954.58
2018-12-12,1,961.28
2018-12-13,0,960.25
2018-12-14,0,952.04
2018-12-17,0,933.65
2018-12-18,0,927.25
2018-12-19,0,919.24
2018-12-20,0,918.24
2018-12-21,0,912.26
2018-12-24,0,908.56
2018-12-25,0,897.94
2018-12-26,0,891.75
2018-12-27,0,900.81
2018-12-28,0,892.54
2019-01-02,0,891.75
2019-01-03,0,878.22
2019-01-04,1,880.9
2019-01-07,1,889.64
2019-01-08,1,887.44
2019-01-09,1,896.99
2019-01-10,1,898.3
2019-01-11,1,902.71
2019-01-14,1,901.8
2019-01-15,1,909.68
2019-01-16,1,908.7
2019-01-17,1,901.89
2019-01-18,1,902.3
2019-01-21,1,911.05
2019-01-22,1,906.55
2019-01-23,1,908.18
2019-01-24,1,908.79
2019-01-25,1,908.88
2019-01-28,1,912.18
2019-01-29,1,915.93
2019-01-30,1,915.84
2019-01-31,1,910.65
2019-02-01,1,908.67
2019-02-11,1,926.1
2019-02-12,1,937.54
2019-02-13,1,945.25
2019-02-14,1,952.34
2019-02-15,1,950.89
2019-02-18,1,961.3
2019-02-19,1,964.35
2019-02-20,1,970.58
2019-02-21,1,987.57
2019-02-22,1,988.91
2019-02-25,1,994.43
2019-02-26,1,987.06
2019-02-27,1,990.27
2019-02-28,1,965.47
2019-03-01,1,979.63
2019-03-04,1,993.99
2019-03-05,1,992.45
2019-03-06,1,994.49
2019-03-07,1,994.03
2019-03-08,1,985.25
2019-03-11,1,984.6
2019-03-12,1,1001.32
2019-03-13,1,1005.41
2019-03-14,1,1008.44
2019-03-15,1,1004.12
2019-03-18,1,1011.86
2019-03-19,0,1006.59
2019-03-20,0,1002.3
2019-03-21,0,981.78
2019-03-22,0,988.71
2019-03-25,0,970.07
2019-03-26,0,969.79
2019-03-27,0,975.91
2019-03-28,0,982.98
2019-03-29,0,980.76
2019-04-01,0,988.53
2019-04-02,0,985.81
2019-04-03,0,984.46
2019-04-04,0,986.91
2019-04-05,0,989.26
2019-04-08,0,997.56
2019-04-09,0,988.48
2019-04-10,0,981.91
2019-04-11,0,985.95
2019-04-12,0,982.9
2019-04-16,0,977.17
2019-04-17,0,972.1
2019-04-18,0,962.3
2019-04-19,0,966.21
2019-04-22,0,965.86
2019-04-23,0,968.0
2019-04-24,0,976.92
2019-04-25,0,974.13
2019-04-26,0,979.64
2019-05-02,0,978.5
2019-05-03,0,974.14
2019-05-06,0,957.97
2019-05-07,0,957.56
2019-05-08,0,951.22
2019-05-09,0,947.01
2019-05-10,0,952.55
2019-05-13,0,958.54
2019-05-14,0,965.34
2019-05-15,0,975.64
2019-05-16,0,975.69
2019-05-17,0,976.48
2019-05-20,0,987.13
2019-05-21,0,986.29
2019-05-22,0,983.78
2019-05-23,0,982.71
2019-05-24,0,970.03
2019-05-27,0,975.14
2019-05-28,0,972.0
2019-05-29,0,971.54
2019-05-30,0,969.34
2019-05-31,0,959.88
2019-06-03,0,946.47
2019-06-04,0,951.16
2019-06-05,0,951.41
2019-06-06,0,948.21
2019-06-07,0,958.28
2019-06-10,0,962.9
2019-06-11,0,962.07
2019-06-12,0,954.17
2019-06-13,0,950.08
2019-06-14,0,953.61
2019-06-17,0,946.95
2019-06-18,0,944.01
2019-06-19,0,949.69
2019-06-20,0,959.18
2019-06-21,0,959.2
2019-06-24,0,962.85
2019-06-25,0,960.13
2019-06-26,0,959.13
2019-06-27,0,943.11
2019-06-28,1,949.94
2019-07-01,1,965.61
2019-07-02,1,961.98
2019-07-03,1,960.39
2019-07-04,1,973.04
2019-07-05,1,975.34
2019-07-08,1,966.35
2019-07-09,1,969.05
2019-07-10,1,973.65
2019-07-11,1,978.63
2019-07-12,1,975.4
2019-07-15,1,972.53
2019-07-16,1,982.11
2019-07-17,1,982.57
2019-07-18,1,976.05
2019-07-19,1,982.34
2019-07-22,1,982.04
2019-07-23,1,989.46
2019-07-24,1,988.41
2019-07-25,1,994.95
2019-07-26,1,993.35
2019-07-29,1,997.94
2019-07-30,1,986.02
2019-07-31,1,991.66
2019-08-01,1,997.39
2019-08-02,1,991.1
2019-08-05,1,973.15
2019-08-06,1,964.61
2019-08-07,1,965.93
2019-08-08,1,975.24
2019-08-09,1,974.34
2019-08-12,1,975.31
2019-08-13,1,966.83
2019-08-14,1,968.91
2019-08-15,1,979.38
2019-08-16,1,980.0
2019-08-19,1,981.03
2019-08-20,1,984.67
2019-08-21,1,994.38
2019-08-22,1,997.26
2019-08-23,1,992.45
2019-08-26,1,982.88
2019-08-27,1,976.79
2019-08-28,1,977.26
2019-08-29,1,978.59
2019-08-30,1,984.06
2019-09-03,1,979.36
2019-09-04,1,977.63
2019-09-05,1,976.79
2019-09-06,1,974.08
2019-09-09,1,974.12
2019-09-10,1,970.26
2019-09-11,1,969.31
2019-09-12,1,976.07
2019-09-13,1,987.22
2019-09-16,1,989.86
2019-09-17,1,996.74
2019-09-18,1,995.15
2019-09-19,1,997.1
2019-09-20,1,990.36
2019-09-23,1,985.75
2019-09-24,1,988.13
2019-09-25,1,987.3
2019-09-26,1,990.75
2019-09-27,1,997.84
2019-09-30,1,996.56
2019-10-01,1,999.59
2019-10-02,1,991.19
2019-10-03,1,992.45
2019-10-04,1,987.59
2019-10-07,1,983.09
2019-10-08,1,988.22
2019-10-09,1,987.83
2019-10-10,1,987.38
2019-10-11,1,991.84
2019-10-14,1,993.57
2019-10-15,1,993.05
2019-10-16,1,994.46
2019-10-17,1,989.82
2019-10-18,1,989.2
2019-10-21,1,983.56
2019-10-22,1,987.19
2019-10-23,1,987.79
2019-10-24,1,993.6
2019-10-25,1,996.57
2019-10-28,1,996.48
2019-10-29,1,995.87
2019-10-30,1,1000.89
2019-10-31,1,998.82
2019-11-01,1,1015.59
2019-11-04,1,1022.43
2019-11-05,1,1024.34
2019-11-06,1,1024.91
2019-11-07,0,1024.03
2019-11-08,0,1022.49
2019-11-11,0,1016.75
2019-11-12,0,1018.33
2019-11-13,0,1012.77
2019-11-14,0,1012.3
2019-11-15,0,1010.03
2019-11-18,0,1002.91
2019-11-19,0,1008.35
2019-11-20,0,1000.56
2019-11-21,0,987.89
2019-11-22,0,977.78
2019-11-25,0,976.35
2019-11-26,0,976.79
2019-11-27,0,978.17
2019-11-28,0,970.39
2019-11-29,0,970.75
2019-12-02,0,959.31
2019-12-03,0,953.43
2019-12-04,0,965.9
2019-12-05,0,963.27
2019-12-06,0,963.56
2019-12-09,0,966.06
2019-12-10,0,960.3
2019-12-11,0,961.78
2019-12-12,0,968.17
2019-12-13,0,966.18
2019-12-16,0,961.47
2019-12-17,0,954.03
2019-12-18,0,951.13
2019-12-19,0,952.26
2019-12-20,0,956.41
2019-12-23,0,959.43
2019-12-24,0,958.88
2019-12-25,0,960.92
2019-12-26,0,958.59
2019-12-27,0,963.51
2019-12-30,0,965.03
2019-12-31,0,960.99
2020-01-02,0,966.67
2020-01-03,0,965.14
2020-01-06,0,955.79
2020-01-07,0,958.88
2020-01-08,0,948.98
2020-01-09,0,960.15
2020-01-10,0,968.54
2020-01-13,0,965.84
2020-01-14,0,967.0
2020-01-15,0,967.56
2020-01-16,0,974.31
2020-01-17,0,978.96
2020-01-20,0,978.63
2020-01-21,0,986.37
2020-01-22,0,991.46
2020-01-30,0,959.58
2020-01-31,0,936.62
2020-02-03,0,928.14
2020-02-04,0,929.09
2020-02-05,0,925.91
2020-02-06,0,938.54
2020-02-07,0,940.75
2020-02-10,0,930.73
2020-02-11,0,934.67
2020-02-12,0,937.68
2020-02-13,0,938.24
2020-02-14,0,937.45
2020-02-17,0,934.77
2020-02-18,0,927.93
2020-02-19,0,928.76
2020-02-20,0,938.13
2020-02-21,0,933.09
2020-02-24,0,903.34
2020-02-25,0,909.67
2020-02-26,0,895.97
2020-02-27,0,898.44
2020-02-28,0,882.19
2020-03-02,0,884.43
2020-03-03,0,890.61
2020-03-04,0,889.37
2020-03-05,0,893.31
2020-03-06,0,891.44
2020-03-09,0,835.49
2020-03-10,0,837.5
2020-03-11,0,811.35
2020-03-12,0,769.25
2020-03-13,0,761.7801
2020-03-16,0,747.86
2020-03-17,0,745.7801
2020-03-18,0,747.66
2020-03-19,0,725.94
2020-03-20,0,709.73
2020-03-23,0,666.5901
2020-03-24,0,659.21
2020-03-25,1,690.25
2020-03-26,1,694.21
2020-03-27,1,696.06
2020-03-30,1,662.26
2020-03-31,1,662.5301
2020-04-01,1,680.23
2020-04-03,1,701.8
2020-04-06,1,736.75
2020-04-07,1,746.69
2020-04-08,1,748.02
2020-04-09,1,760.33
2020-04-10,1,757.94
2020-04-13,1,765.79
2020-04-14,1,767.41
2020-04-15,1,777.22
2020-04-16,1,780.7
2020-04-17,1,789.6
2020-04-20,1,794.97
2020-04-21,1,766.8401
2020-04-22,1,768.92
2020-04-23,1,773.91
2020-04-24,1,776.66
2020-04-27,1,770.77
2020-04-28,1,767.21
2020-04-29,1,769.11
2020-05-04,1,762.47
2020-05-05,1,764.16
2020-05-06,1,782.5901
2020-05-07,1,796.54
2020-05-08,1,813.73
2020-05-11,1,828.33
2020-05-12,1,835.32
2020-05-13,1,834.21
2020-05-14,1,832.4
2020-05-15,1,827.0301
2020-05-18,1,837.01
2020-05-19,1,845.92
2020-05-20,1,852.91
2020-05-21,1,862.73
2020-05-22,1,852.74
2020-05-25,1,859.04
2020-05-26,1,869.13
2020-05-27,1,857.48
2020-05-28,1,861.39
2020-05-29,1,864.47
2020-06-01,1,878.67
2020-06-02,1,874.8
2020-06-03,1,881.17
2020-06-04,1,883.9
2020-06-05,1,886.22
2020-06-08,1,899.92
2020-06-09,1,899.43
2020-06-10,1,900.0
2020-06-11,0,867.37
2020-06-12,0,863.52
2020-06-15,0,832.47
2020-06-16,0,856.13
2020-06-17,0,854.44
2020-06-18,0,855.27
2020-06-19,0,868.56
2020-06-22,0,871.28
2020-06-23,0,868.2
2020-06-24,0,859.71
2020-06-25,0,854.59
2020-06-26,0,851.98
2020-06-29,0,829.36
2020-06-30,0,825.11
2020-07-01,1,843.49
2020-07-02,1,842.38
2020-07-03,1,847.61
2020-07-06,1,861.16
2020-07-07,1,863.42
2020-07-08,1,864.5
2020-07-09,1,876.46
2020-07-10,1,871.21
2020-07-13,1,868.72
2020-07-14,1,868.11
2020-07-15,1,869.91
2020-07-16,1,876.83
2020-07-17,0,872.02
2020-07-20,0,861.4
2020-07-21,0,861.69
2020-07-22,0,855.08
2020-07-23,0,856.75
2020-07-24,0,829.16
2020-07-27,0,785.17
2020-07-28,1,813.36
2020-07-29,1,790.8401
2020-07-30,1,801.13
2020-07-31,1,798.39
2020-08-03,1,814.65
2020-08-04,1,827.57
2020-08-05,1,837.8
2020-08-06,1,840.04
2020-08-07,1,841.46
2020-08-10,1,843.2
2020-08-11,1,843.08
2020-08-12,1,846.92
2020-08-13,1,855.05
2020-08-14,1,850.74
2020-08-17,1,850.15
2020-08-18,1,846.43
2020-08-19,1,851.21
2020-08-20,1,848.21
2020-08-21,1,854.78
2020-08-24,1,868.68
2020-08-25,1,874.12
2020-08-26,1,873.47
2020-08-27,1,874.71
2020-08-28,1,878.98
2020-08-31,1,881.65
2020-09-01,1,891.73
2020-09-03,1,903.97
2020-09-04,1,901.54
2020-09-07,1,888.25
2020-09-08,1,890.14
2020-09-09,1,889.32
2020-09-10,1,888.82
2020-09-11,1,888.97
2020-09-14,1,894.57
2020-09-15,1,896.26
2020-09-16,1,897.47
2020-09-17,1,894.04
2020-09-18,1,900.95
2020-09-21,1,907.94
2020-09-22,1,906.19
2020-09-23,1,912.5
2020-09-24,1,908.58
2020-09-25,1,908.27
2020-09-28,1,912.5
2020-09-29,1,903.98
2020-09-30,1,905.21
2020-10-01,1,914.09
2020-10-02,1,909.91
2020-10-05,1,914.68
2020-10-06,1,915.67
2020-10-07,1,919.72
2020-10-08,1,918.84
2020-10-09,1,924.0
2020-10-12,1,925.83
2020-10-13,1,929.86
2020-10-14,1,940.18
2020-10-15,1,942.76
2020-10-16,1,943.3
2020-10-19,1,943.69
2020-10-20,1,944.42
2020-10-21,1,939.03
2020-10-22,1,949.9
2020-10-23,1,961.26
2020-10-26,1,950.8
2020-10-27,1,946.47
2020-10-28,1,921.05
2020-10-29,1,919.08
2020-10-30,1,925.47
2020-11-02,1,933.68
2020-11-03,1,935.41
2020-11-04,1,939.76
2020-11-05,1,937.75
2020-11-06,1,938.29
2020-11-09,1,951.99
2020-11-10,1,951.9
2020-11-11,1,952.22
2020-11-12,1,959.28
2020-11-13,1,966.29
2020-11-16,1,950.79
2020-11-17,1,968.9
2020-11-18,1,973.53
2020-11-19,1,983.26
2020-11-20,1,990.0
2020-11-23,1,994.19
2020-11-24,1,995.76
2020-11-25,1,999.94
2020-11-26,1,1005.97
2020-11-27,1,1010.22
2020-11-30,1,1003.08
2020-12-01,1,1008.87
2020-12-02,1,1014.32
2020-12-03,1,1019.8
2020-12-04,1,1021.49
2020-12-07,1,1029.98
2020-12-08,1,1029.26
2020-12-09,1,1039.13
2020-12-10,1,1030.91
2020-12-11,1,1045.96
2020-12-14,1,1064.09
2020-12-15,1,1055.27
2020-12-16,1,1066.99
2020-12-17,1,1051.77
2020-12-18,1,1067.46
2020-12-21,1,1081.08
2020-12-22,1,1083.45
2020-12-23,1,1078.9
2020-12-24,1,1067.52
2020-12-25,1,1084.42
2020-12-28,1,1091.33
2020-12-29,1,1099.49
2020-12-30,1,1097.54
2020-12-31,1,1103.87
2021-01-04,1,1120.47
2021-01-05,1,1132.55
2021-01-06,1,1143.21
2021-01-07,1,1156.49
2021-01-08,1,1167.6899
2021-01-11,1,1184.89
2021-01-12,1,1192.28
2021-01-13,1,1186.05
2021-01-14,1,1187.4
2021-01-15,1,1194.2
2021-01-18,0,1191.9399
2021-01-19,0,1131.0
2021-01-20,0,1134.6801
2021-01-21,0,1164.21
2021-01-22,0,1166.78
2021-01-25,0,1166.05
2021-01-26,0,1136.12
2021-01-27,0,1097.17
2021-01-28,0,1023.94
2021-01-29,1,1056.61
2021-02-01,1,1035.51
2021-02-02,1,1075.53
2021-02-03,1,1111.29
2021-02-04,1,1112.1899
2021-02-05,1,1126.91
2021-02-08,1,1083.1801
2021-02-09,1,1114.9301
2021-02-17,1,1155.78
2021-02-18,1,1174.38
2021-02-19,1,1173.5
2021-02-22,1,1175.04
2021-02-23,1,1177.64
2021-02-24,1,1162.01
2021-02-25,1,1165.4301
2021-02-26,1,1168.47
2021-03-01,1,1186.17
2021-03-02,1,1186.61
2021-03-03,1,1186.95
2021-03-04,1,1168.52
2021-03-05,1,1168.6899
2021-03-08,1,1168.27
2021-03-09,1,1161.97
2021-03-10,1,1170.08
2021-03-11,1,1181.73
2021-03-12,1,1181.5601
2021-03-15,1,1184.5601
2021-03-16,1,1179.9
2021-03-17,1,1186.09
2021-03-18,1,1200.9399
2021-03-19,1,1194.05
2021-03-22,1,1194.4301
2021-03-23,1,1183.45
2021-03-24,1,1161.8101
2021-03-25,1,1163.1
2021-03-26,1,1162.21
2021-03-29,1,1175.6801
2021-03-30,1,1186.36
2021-03-31,1,1191.4399
2021-04-01,1,1216.1
2021-04-02,1,1224.45
2021-04-05,1,1236.05
2021-04-06,1,1239.96
2021-04-07,1,1242.38
2021-04-08,1,1234.89
2021-04-09,1,1231.66
2021-04-12,1,1252.45
2021-04-13,1,1248.33
2021-04-14,1,1255.87
2021-04-15,1,1247.25
2021-04-16,1,1238.71
2021-04-19,1,1260.58
2021-04-20,1,1268.28
2021-04-22,1,1227.8199
2021-04-23,1,1248.53
2021-04-26,1,1215.77
2021-04-27,1,1219.75
2021-04-28,1,1229.55
2021-04-29,1,1239.39
2021-05-04,1,1242.2
2021-05-05,1,1256.4301
2021-05-06,1,1250.5699
2021-05-07,1,1241.8101
2021-05-10,1,1259.58
2021-05-11,1,1256.04
2021-05-12,1,1269.09
2021-05-13,1,1261.99
2021-05-14,1,1266.36
2021-05-17,1,1258.7
2021-05-18,1,1252.6801
2021-05-19,1,1262.49
2021-05-20,1,1278.22
2021-05-21,1,1283.9301
2021-05-24,1,1297.98
2021-05-25,1,1308.58
2021-05-26,1,1316.7
2021-05-27,1,1303.5699
2021-05-28,1,1320.46
2021-05-31,1,1328.05
2021-06-01,1,1337.78
2021-06-02,1,1340.78
2021-06-03,1,1364.28
2021-06-04,1,1374.05
2021-06-07,1,1358.78
2021-06-08,1,1319.88
2021-06-09,1,1332.9
2021-06-10,1,1323.58
2021-06-11,1,1351.74
2021-06-14,1,1361.72
2021-06-15,1,1367.36
2021-06-16,1,1356.52
2021-06-17,1,1359.92
2021-06-18,1,1377.77
2021-06-21,1,1372.63
2021-06-22,1,1379.97
2021-06-23,1,1376.87
2021-06-24,1,1379.72
2021-06-25,1,1390.12
2021-06-28,1,1405.8101
2021-06-29,1,1410.04
2021-06-30,1,1408.55
2021-07-01,1,1417.08
2021-07-02,1,1420.27
2021-07-05,0,1411.13
2021-07-06,0,1354.79
2021-07-07,0,1388.55
2021-07-08,0,1374.6801
2021-07-09,0,1347.14
2021-07-12,0,1296.3
2021-07-13,0,1297.54
2021-07-14,0,1279.91
2021-07-15,0,1293.92
2021-07-16,0,1299.3101
2021-07-19,0,1243.51
2021-07-20,1,1273.29
2021-07-21,1,1270.79
2021-07-22,1,1293.67
2021-07-23,1,1268.83
2021-07-26,1,1272.71
2021-07-27,1,1276.9301
2021-07-28,1,1277.0699
2021-07-29,1,1293.6
2021-07-30,1,1310.05
2021-08-02,1,1314.22
2021-08-03,1,1332.4399
2021-08-04,1,1334.74
2021-08-05,1,1345.55
2021-08-06,1,1341.45
2021-08-09,1,1359.86
2021-08-10,1,1362.4301
2021-08-11,1,1357.79
2021-08-12,1,1353.05
2021-08-13,1,1357.05
2021-08-16,1,1370.96
2021-08-17,1,1363.09
2021-08-18,1,1360.9399
2021-08-19,1,1374.85
2021-08-20,0,1329.4301
2021-08-23,0,1298.86
2021-08-24,0,1298.74
2021-08-25,1,1309.55
2021-08-26,1,1301.12
2021-08-27,1,1313.2
2021-08-30,1,1328.14
2021-08-31,1,1331.47
2021-09-01,1,1334.65
2021-09-06,1,1346.39
2021-09-07,1,1341.9
2021-09-08,1,1333.61
2021-09-09,1,1343.98
2021-09-10,1,1345.3101
2021-09-13,1,1341.4301
2021-09-14,1,1339.7
2021-09-15,1,1345.83
2021-09-16,1,1345.87
2021-09-17,1,1352.64
2021-09-20,1,1350.48
2021-09-21,1,1339.84
2021-09-22,1,1350.6801
2021-09-23,1,1352.76
2021-09-24,1,1351.17
2021-09-27,1,1324.99
2021-09-28,1,1339.3101
2021-09-29,1,1339.21
2021-09-30,1,1342.0601
2021-10-01,1,1334.89
2021-10-04,1,1339.54
2021-10-05,1,1354.63
2021-10-06,1,1362.8199
2021-10-07,1,1365.99
2021-10-08,1,1372.73
2021-10-11,1,1394.09
2021-10-12,1,1394.8
2021-10-13,1,1391.91
2021-10-14,1,1391.85
2021-10-15,1,1392.7
2021-10-18,1,1395.53
2021-10-19,1,1395.33
2021-10-20,1,1393.8
2021-10-21,1,1384.77
2021-10-22,1,1389.24
2021-10-25,1,1385.4
2021-10-26,1,1391.63
2021-10-27,1,1423.02
2021-10-28,1,1438.01
2021-10-29,1,1444.27
2021-11-01,1,1438.97
2021-11-02,1,1452.46
2021-11-03,1,1444.3
2021-11-04,1,1448.34
2021-11-05,1,1456.51
2021-11-08,1,1467.5699
2021-11-09,1,1461.5
2021-11-10,1,1465.02
2021-11-11,1,1462.35
2021-11-12,1,1473.37
2021-11-15,1,1476.5699
2021-11-16,1,1466.45
2021-11-17,1,1475.85
2021-11-18,1,1469.83
2021-11-19,1,1452.35
2021-11-22,1,1447.25
2021-11-23,1,1463.63
2021-11-24,1,1488.87
2021-11-25,1,1500.8101
2021-11-26,0,1493.03
2021-11-29,0,1484.84
2021-11-30,0,1478.4399
2021-12-01,0,1485.1899
2021-12-02,0,1482.05
2021-12-03,0,1443.3199
2021-12-06,0,1413.58
2021-12-07,1,1446.77
2021-12-08,1,1452.87
2021-12-09,1,1467.98
2021-12-10,1,1463.54
2021-12-13,1,1476.21
2021-12-14,1,1476.02
2021-12-15,1,1475.5
2021-12-16,1,1476.61
2021-12-17,1,1479.79
2021-12-20,1,1477.33
2021-12-21,1,1478.74
2021-12-22,1,1477.67
2021-12-23,1,1456.96
2021-12-24,1,1477.03
2021-12-27,1,1488.88
2021-12-28,1,1494.39
2021-12-29,1,1485.8199
2021-12-30,1,1485.97
2021-12-31,1,1498.28
2022-01-04,1,1525.58
2022-01-05,1,1522.5
2022-01-06,1,1528.5699
2022-01-07,0,1528.48
2022-01-10,0,1503.71
2022-01-11,0,1492.3101
2022-01-12,0,1510.51
2022-01-13,0,1496.05
2022-01-14,0,1496.02
2022-01-17,0,1452.84
2022-01-18,0,1438.9399
2022-01-19,1,1442.79
2022-01-20,1,1465.3
2022-01-21,1,1472.89
2022-01-24,1,1439.71
2022-01-25,1,1479.58
2022-01-26,1,1481.58
2022-01-27,1,1470.76
2022-01-28,1,1478.96
2022-02-07,1,1497.66
2022-02-08,1,1500.99
2022-02-09,1,1505.38
2022-02-10,1,1506.79
2022-02-11,1,1501.71
2022-02-14,1,1471.96
2022-02-15,1,1492.75
2022-02-16,1,1492.1
2022-02-17,1,1507.99
2022-02-18,1,1504.84
2022-02-21,1,1510.84
2022-02-22,1,1503.47
2022-02-23,1,1512.3
2022-02-24,1,1494.85
2022-02-25,1,1498.89
2022-02-28,1,1490.13
2022-03-01,1,1498.78
2022-03-02,1,1485.52
2022-03-03,1,1505.0
2022-03-04,1,1505.33
2022-03-07,1,1499.05
2022-03-08,1,1473.71
2022-03-09,1,1473.74
2022-03-10,1,1479.08
2022-03-11,1,1466.54
2022-03-14,1,1446.25
2022-03-15,1,1452.74
2022-03-16,1,1459.33
2022-03-17,1,1461.34
2022-03-18,1,1469.1
2022-03-21,1,1494.95
2022-03-22,1,1503.78
2022-03-23,1,1502.34
2022-03-24,1,1498.26
2022-03-25,1,1498.5
2022-03-28,1,1483.1801
2022-03-29,1,1497.76
2022-03-30,1,1490.51
2022-03-31,1,1492.15
2022-04-01,1,1516.4399
2022-04-04,1,1524.7
2022-04-05,0,1520.03
2022-04-06,0,1522.9
2022-04-07,0,1502.35
2022-04-08,0,1482.0
2022-04-12,0,1455.25
2022-04-13,0,1477.2
2022-04-14,0,1472.12
2022-04-15,0,1458.5601
2022-04-18,0,1432.6
2022-04-19,0,1406.45
2022-04-20,0,1384.72
2022-04-21,0,1370.21
2022-04-22,0,1379.23
2022-04-25,0,1310.92
2022-04-26,0,1341.34
2022-04-27,0,1353.77
2022-04-28,0,1350.99
2022-04-29,0,1366.8
2022-05-04,0,1348.6801
2022-05-05,0,1360.6801
2022-05-06,0,1329.26
2022-05-09,0,1269.62
2022-05-10,0,1293.5601
2022-05-11,0,1301.53
2022-05-12,0,1238.84
2022-05-13,0,1182.77
2022-05-16,0,1171.95
2022-05-17,1,1228.37
2022-05-18,1,1240.76
2022-05-19,1,1241.64
2022-05-20,1,1240.71
2022-05-23,1,1218.8101
2022-05-24,1,1233.38
2022-05-25,1,1268.4301
2022-05-26,1,1268.5699
2022-05-27,1,1285.45
2022-05-30,1,1293.92
2022-05-31,1,1292.6801
2022-06-01,1,1299.52
2022-06-02,1,1288.62
2022-06-03,1,1287.98
2022-06-06,1,1290.01
2022-06-07,1,1291.35
2022-06-08,1,1307.91
2022-06-09,0,1307.8
2022-06-10,0,1284.08
2022-06-13,0,1227.04
2022-06-14,0,1230.3101
2022-06-15,0,1213.9301
2022-06-16,0,1236.63
2022-06-17,0,1217.3
2022-06-20,0,1180.4
2022-06-21,0,1172.47
2022-06-22,0,1169.27
2022-06-23,0,1188.88
2022-06-24,0,1185.48
2022-06-27,0,1202.8199
2022-06-28,0,1218.1
2022-06-29,0,1218.09
2022-06-30,0,1197.6
2022-07-01,0,1198.9
2022-07-04,0,1195.53
2022-07-05,0,1181.29
2022-07-06,0,1149.61
2022-07-07,1,1166.48
2022-07-08,1,1171.3101
2022-07-11,1,1155.29
2022-07-12,1,1174.8199
2022-07-13,1,1173.92
2022-07-14,1,1182.17
2022-07-15,1,1179.25
2022-07-18,1,1176.49
2022-07-19,1,1178.33
2022-07-20,1,1194.14
2022-07-21,1,1198.47
2022-07-22,1,1194.76
2022-07-25,1,1188.5
2022-07-26,1,1185.0699
2022-07-27,1,1191.04
2022-07-28,1,1208.12
2022-07-29,1,1206.33
2022-08-01,1,1231.35
2022-08-02,1,1241.62
2022-08-03,1,1249.76
2022-08-04,1,1254.15
2022-08-05,1,1252.74
2022-08-08,1,1256.75
2022-08-09,1,1258.85
2022-08-10,1,1256.5
2022-08-11,1,1252.0699
2022-08-12,1,1262.33
2022-08-15,1,1274.2
2022-08-16,1,1274.6899
2022-08-17,1,1275.28
2022-08-18,1,1273.66
2022-08-19,1,1269.1801
2022-08-22,1,1260.4301
2022-08-23,1,1270.8101
2022-08-24,1,1277.16
2022-08-25,1,1288.88
2022-08-26,0,1282.5699
2022-08-29,0,1270.8
2022-08-30,0,1279.39
2022-08-31,0,1280.51
2022-09-05,0,1277.35
2022-09-06,0,1277.4
2022-09-07,0,1243.17
2022-09-08,0,1234.6
2022-09-09,0,1248.78
2022-09-12,0,1249.62
2022-09-13,0,1248.4
2022-09-14,0,1240.77
2022-09-15,0,1245.66
2022-09-16,0,1234.03
2022-09-19,0,1205.4301
2022-09-20,0,1218.9301
2022-09-21,0,1210.55
2022-09-22,0,1214.7
2022-09-23,0,1203.28
2022-09-26,0,1174.35
2022-09-27,0,1166.54
2022-09-28,0,1143.62
2022-09-29,0,1126.0699
2022-09-30,0,1132.11
2022-10-03,0,1086.4399
2022-10-04,0,1078.14
2022-10-05,0,1104.26
2022-10-06,0,1074.52
2022-10-07,0,1035.91
2022-10-10,0,1042.48
2022-10-11,0,1006.2
2022-10-12,1,1034.8101
2022-10-13,1,1050.99
2022-10-14,1,1061.85
2022-10-17,1,1051.58
2022-10-18,1,1063.66
2022-10-19,0,1060.0699
2022-10-20,0,1058.45
2022-10-21,0,1019.82
2022-10-24,0,986.15
2022-10-25,0,997.7
2022-10-26,0,993.36
2022-10-27,0,1028.01
2022-10-28,0,1027.36
2022-10-31,0,1027.9399
2022-11-01,0,1033.75
2022-11-02,0,1023.19
2022-11-03,0,1019.81
2022-11-04,0,997.15
2022-11-07,0,975.19
2022-11-08,0,981.65
2022-11-09,0,985.59
2022-11-10,0,947.24
2022-11-11,0,954.53
2022-11-14,0,941.04
2022-11-15,0,911.9
2022-11-16,1,942.9
2022-11-17,1,969.26
2022-11-18,1,969.33
2022-11-21,1,960.65
2022-11-22,1,952.12
2022-11-23,1,946.0
2022-11-24,1,947.71
2022-11-25,1,971.46
2022-11-28,1,1005.69
2022-11-29,1,1032.16
2022-11-30,1,1048.42
2022-12-01,1,1036.28
2022-12-02,1,1080.01
2022-12-05,1,1093.67
2022-12-06,0,1048.6899
2022-12-07,0,1041.02
2022-12-08,0,1050.53
2022-12-09,0,1051.8101
2022-12-12,0,1032.0699
2022-12-13,0,1047.45
2022-12-14,0,1050.4301
2022-12-15,0,1055.3199
2022-12-16,0,1052.48
2022-12-19,0,1038.4
2022-12-20,0,1023.13
2022-12-21,0,1018.88
2022-12-22,0,1022.61
2022-12-23,0,1020.34
2022-12-26,0,985.21
2022-12-27,1,1004.57
2022-12-28,1,1015.66
2022-12-29,1,1009.29
2022-12-30,1,1007.09
2023-01-03,1,1043.9
2023-01-04,1,1046.35
2023-01-05,1,1055.8199
2023-01-06,1,1051.4399
2023-01-09,1,1054.21
2023-01-10,1,1053.35
2023-01-11,1,1055.76
2023-01-12,1,1056.39
2023-01-13,1,1060.17
2023-01-16,1,1066.6801
2023-01-17,1,1088.29
2023-01-18,1,1098.28
2023-01-19,1,1108.08
2023-01-27,1,1117.1
2023-01-30,0,1102.5699
2023-01-31,0,1111.1801
2023-02-01,0,1075.97
2023-02-02,0,1077.59
2023-02-03,0,1077.15
2023-02-06,0,1089.29
2023-02-07,0,1065.84
2023-02-08,0,1072.22
2023-02-09,0,1064.03
2023-02-10,0,1055.3
2023-02-13,0,1043.7
2023-02-14,0,1038.64
2023-02-15,0,1048.2
2023-02-16,0,1058.29
2023-02-17,0,1059.3101
2023-02-20,0,1086.6899
2023-02-21,0,1082.23
2023-02-22,0,1054.28
2023-02-23,0,1053.66
2023-02-24,0,1039.5601
2023-02-27,0,1021.25
2023-02-28,1,1024.6801
2023-03-01,1,1040.55
2023-03-02,1,1037.61
2023-03-03,1,1024.77
2023-03-06,1,1027.1801
2023-03-07,1,1037.84
2023-03-08,1,1049.1801
2023-03-09,1,1055.95
2023-03-10,1,1053.0
2023-03-13,1,1052.8
2023-03-14,1,1040.13
2023-03-15,1,1062.1899
2023-03-16,1,1047.4
2023-03-17,1,1045.14
2023-03-20,1,1023.1
2023-03-21,1,1032.4301
2023-03-22,1,1040.54
2023-03-23,1,1045.1
2023-03-24,1,1046.79
2023-03-27,1,1052.25
2023-03-28,1,1054.29
2023-03-29,1,1056.33
2023-03-30,1,1059.4399
2023-03-31,1,1064.64
2023-04-03,1,1079.28
2023-04-04,1,1078.45
2023-04-05,1,1080.86
2023-04-06,1,1070.91
2023-04-07,1,1069.71
2023-04-10,1,1065.35
2023-04-11,1,1069.46
2023-04-12,1,1069.45
2023-04-13,1,1064.3
2023-04-14,1,1052.89
2023-04-17,1,1053.8101
2023-04-18,1,1055.02
2023-04-19,1,1048.98
2023-04-20,1,1049.25
2023-04-21,1,1042.91
2023-04-24,1,1041.36
2023-04-25,1,1034.85
2023-04-26,1,1040.8
2023-04-27,1,1039.63
2023-04-28,1,1049.12
2023-05-04,1,1040.61
2023-05-05,1,1040.3101
2023-05-08,1,1053.4399
2023-05-09,1,1053.77
2023-05-10,1,1058.26
2023-05-11,1,1057.12
2023-05-12,1,1066.9
2023-05-15,1,1065.71
2023-05-16,1,1065.91
2023-05-17,1,1060.4399
2023-05-18,1,1068.3101
2023-05-19,1,1067.0699
2023-05-22,1,1070.64
2023-05-23,1,1065.85
2023-05-24,1,1061.79
2023-05-25,1,1064.63
2023-05-26,1,1063.76
2023-05-29,1,1074.98
2023-05-30,1,1078.05
2023-05-31,1,1075.17
2023-06-01,1,1078.39
2023-06-02,1,1090.84
2023-06-05,1,1097.8199
2023-06-06,1,1108.3101
2023-06-07,1,1109.54
2023-06-08,1,1101.3199
2023-06-09,1,1107.53
2023-06-12,1,1116.02
2023-06-13,1,1122.46
2023-06-14,1,1117.42
2023-06-15,1,1116.97
2023-06-16,1,1115.22
2023-06-19,1,1105.4
2023-06-20,1,1111.72
2023-06-21,1,1118.46
2023-06-22,1,1125.3
2023-06-23,1,1129.38
2023-06-26,1,1132.03
2023-06-27,1,1134.33
2023-06-28,1,1138.35
2023-06-29,1,1125.39
2023-06-30,1,1120.1801
2023-07-03,1,1125.5
2023-07-04,1,1132.0
2023-07-05,1,1134.62
2023-07-06,1,1126.22
2023-07-07,1,1138.0699
2023-07-10,1,1149.02
2023-07-11,1,1151.77
2023-07-12,1,1154.2
2023-07-13,1,1165.42
2023-07-14,1,1168.4
2023-07-17,1,1173.13
2023-07-18,1,1174.09
2023-07-19,1,1172.98
2023-07-20,1,1172.8101
2023-07-21,1,1185.9
2023-07-24,1,1190.72
2023-07-25,1,1195.9
2023-07-26,1,1200.84
2023-07-27,1,1197.33
2023-07-28,1,1207.67
2023-07-31,1,1222.9
2023-08-01,1,1217.5601
2023-08-02,1,1220.4301
2023-08-03,1,1210.95
2023-08-04,1,1225.98
2023-08-07,1,1241.42
2023-08-08,1,1242.23
2023-08-09,1,1233.99
2023-08-10,1,1220.61
2023-08-11,1,1232.21
2023-08-14,1,1236.84
2023-08-15,1,1234.05
2023-08-16,1,1243.26
2023-08-17,0,1233.48
2023-08-18,0,1177.99
2023-08-21,0,1179.76
2023-08-22,0,1180.49
2023-08-23,0,1172.5601
2023-08-24,1,1189.39
2023-08-25,1,1183.37
2023-08-28,1,1201.72
2023-08-29,1,1204.4301
2023-08-30,1,1213.16
2023-08-31,1,1224.05
2023-09-05,1,1234.98
2023-09-06,1,1245.5
2023-09-07,1,1243.14
2023-09-08,1,1241.48
2023-09-11,1,1223.63
2023-09-12,1,1245.4399
2023-09-13,0,1238.39
2023-09-14,0,1223.8101
2023-09-15,0,1227.36
2023-09-18,0,1211.8101
2023-09-19,0,1211.5
2023-09-20,0,1226.11
2023-09-21,0,1212.74
2023-09-22,0,1193.05
2023-09-25,0,1153.2
2023-09-26,0,1137.96
2023-09-27,0,1153.85
2023-09-28,0,1152.4301
2023-09-29,0,1154.15
2023-10-02,0,1155.25
2023-10-03,0,1118.1
2023-10-04,0,1128.67
2023-10-05,0,1113.89
2023-10-06,0,1128.54
2023-10-09,0,1137.36
2023-10-10,0,1143.6899
2023-10-11,0,1150.8101
2023-10-12,0,1151.61
2023-10-13,0,1154.73
2023-10-16,0,1141.42
2023-10-17,0,1121.65
2023-10-18,0,1103.4
2023-10-19,0,1087.85
2023-10-20,0,1108.03
2023-10-23,0,1093.53
2023-10-24,0,1105.9
2023-10-25,0,1101.66
2023-10-26,0,1055.45
2023-10-27,0,1060.62
2023-10-30,0,1042.4
2023-10-31,0,1028.1899
2023-11-01,1,1039.66
2023-11-02,1,1075.47
2023-11-03,1,1076.78
2023-11-06,1,1089.66
2023-11-07,1,1080.29
2023-11-08,1,1113.4301
2023-11-09,1,1113.89
2023-11-10,1,1101.6801
2023-11-13,1,1100.0699
2023-11-14,1,1109.73
2023-11-15,1,1122.5
2023-11-16,1,1125.53
2023-11-17,1,1101.1899
2023-11-20,1,1103.66
2023-11-21,1,1110.46
2023-11-22,1,1113.8199
2023-11-23,1,1088.49
2023-11-24,1,1095.61
2023-11-27,1,1088.0601
2023-11-28,1,1095.4301
2023-11-29,1,1102.8
2023-11-30,1,1094.13
2023-12-01,1,1102.16
2023-12-04,1,1120.49
2023-12-05,1,1115.97
2023-12-06,1,1126.4301
2023-12-07,1,1121.49
2023-12-08,1,1124.4399
2023-12-11,1,1125.5
2023-12-12,1,1127.63
2023-12-13,1,1114.2
2023-12-14,1,1110.13
2023-12-15,1,1102.3
2023-12-18,1,1091.88
2023-12-19,1,1096.3
2023-12-20,1,1100.76
2023-12-21,1,1102.4301
2023-12-22,1,1103.0601
2023-12-25,1,1117.66
2023-12-26,1,1122.25
2023-12-27,1,1121.99
2023-12-28,1,1128.9301
2023-12-29,1,1129.9301
2024-01-02,1,1131.72
2024-01-03,1,1144.17
2024-01-04,1,1150.72
2024-01-05,1,1154.6801
2024-01-08,1,1160.1899
2024-01-09,1,1158.59
2024-01-10,1,1161.54
2024-01-11,1,1162.22
2024-01-12,1,1154.7
2024-01-15,1,1154.12
2024-01-16,1,1163.12
2024-01-17,1,1162.53
2024-01-18,1,1169.0601
2024-01-19,1,1181.5
2024-01-22,1,1182.86
2024-01-23,1,1177.5
2024-01-24,1,1172.97
2024-01-25,1,1170.37
2024-01-26,1,1175.67
2024-01-29,1,1175.6899
2024-01-30,1,1179.65
2024-01-31,1,1164.3101
2024-02-01,1,1173.02
2024-02-02,1,1172.55
2024-02-05,1,1186.0601
2024-02-06,1,1188.48
2024-02-07,1,1198.53
2024-02-15,1,1202.5
2024-02-16,1,1209.7
2024-02-19,1,1224.97
2024-02-20,1,1230.0601
2024-02-21,1,1230.04
2024-02-22,1,1227.3101
2024-02-23,1,1212.0
2024-02-26,1,1224.17
2024-02-27,1,1237.46
2024-02-28,1,1254.55
2024-02-29,1,1252.73
2024-03-01,1,1258.28
2024-03-04,1,1261.41
2024-03-05,1,1269.98
2024-03-06,1,1262.73
2024-03-07,1,1268.46
2024-03-08,1,1247.35
2024-03-11,1,1235.49
2024-03-12,1,1245.0
2024-03-13,1,1270.51
2024-03-14,1,1264.26
2024-03-15,1,1263.78
2024-03-18,1,1243.5601
2024-03-19,1,1242.46
2024-03-20,1,1260.08
2024-03-21,1,1276.42
2024-03-22,1,1281.8
2024-03-25,1,1267.86
2024-03-26,1,1282.21
2024-03-27,1,1283.09
2024-03-28,1,1290.1801
2024-03-29,0,1284.09
2024-04-01,0,1281.52
2024-04-02,0,1287.04
2024-04-03,0,1271.47
2024-04-04,0,1268.25
2024-04-05,0,1255.11
2024-04-08,0,1250.35
2024-04-09,0,1262.8199
2024-04-10,0,1258.5601
2024-04-11,0,1258.2
2024-04-12,0,1276.6
2024-04-15,0,1216.61
2024-04-16,0,1215.6801
2024-04-17,0,1193.01
2024-04-19,0,1174.85
2024-04-22,1,1190.22
2024-04-23,1,1177.4
2024-04-24,1,1205.61
2024-04-25,1,1204.97
2024-04-26,1,1209.52
2024-05-02,1,1216.36
2024-05-03,1,1221.03
2024-05-06,1,1241.58
2024-05-07,1,1248.63
2024-05-08,1,1250.46
2024-05-09,1,1248.64
2024-05-10,1,1244.7
2024-05-13,1,1240.1801
2024-05-14,1,1243.28
2024-05-15,1,1254.39
2024-05-16,1,1268.78
2024-05-17,1,1273.11
2024-05-20,1,1277.58
2024-05-21,1,1277.14
2024-05-22,1,1266.91
2024-05-23,1,1281.03
2024-05-24,1,1261.9301
2024-05-27,1,1267.6801
2024-05-28,1,1281.73
2024-05-29,1,1272.64
2024-05-30,1,1266.3199
2024-05-31,1,1261.72
2024-06-03,1,1280.0
2024-06-04,1,1283.52
2024-06-05,1,1284.35
2024-06-06,1,1283.5601
2024-06-07,1,1287.58
2024-06-10,1,1290.67
2024-06-11,1,1284.41
2024-06-12,1,1300.1899
2024-06-13,1,1301.51
2024-06-14,0,1279.91
2024-06-17,0,1274.77
2024-06-18,0,1279.5
2024-06-19,0,1279.79
2024-06-20,0,1282.3
2024-06-21,0,1282.02
2024-06-24,0,1254.12
2024-06-25,0,1256.5601
2024-06-26,0,1261.24
2024-06-27,0,1259.09
2024-06-28,0,1245.3199
2024-07-01,0,1254.5601
2024-07-02,0,1269.79
2024-07-03,0,1276.85
2024-07-04,0,1279.89
2024-07-05,0,1283.04
2024-07-08,0,1283.5601
2024-07-09,0,1293.71
2024-07-10,0,1285.9399
2024-07-11,0,1283.8
2024-07-12,0,1280.75
2024-07-15,0,1279.8199
2024-07-16,0,1281.1801
2024-07-17,0,1268.66
2024-07-18,0,1274.4399
2024-07-19,0,1264.78
2024-07-22,0,1254.64
2024-07-23,0,1231.8101
2024-07-24,0,1238.47
2024-07-25,0,1233.1899
2024-07-26,0,1242.11
2024-07-29,0,1246.6
2024-07-30,0,1245.0601
2024-07-31,0,1251.51
2024-08-01,0,1226.96
2024-08-02,0,1236.6
2024-08-05,0,1188.0699
2024-08-06,1,1210.28
2024-08-07,1,1215.88
2024-08-08,1,1208.3199
2024-08-09,1,1223.64
2024-08-12,1,1230.28
2024-08-13,1,1230.42
2024-08-14,1,1230.36
2024-08-15,1,1223.5601
2024-08-16,1,1252.23
2024-08-19,1,1261.62
2024-08-20,1,1272.55
2024-08-21,1,1284.05
2024-08-22,1,1282.78
2024-08-23,1,1285.3199
2024-08-26,1,1280.02
2024-08-27,1,1280.5601
2024-08-28,1,1281.4399
2024-08-29,1,1281.47
2024-08-30,1,1283.87
2024-09-04,1,1275.8
2024-09-05,1,1268.21
2024-09-06,1,1273.96
2024-09-09,1,1267.73
2024-09-10,1,1255.23
2024-09-11,1,1253.27
2024-09-12,1,1256.35
2024-09-13,1,1251.71
2024-09-16,1,1239.26
2024-09-17,1,1258.95
2024-09-18,1,1264.9
2024-09-19,1,1271.27
2024-09-20,1,1272.04
2024-09-23,1,1268.48
2024-09-24,1,1276.99
2024-09-25,1,1287.48
2024-09-26,1,1291.49
2024-09-27,1,1290.92
2024-09-30,1,1287.9399
2024-10-01,1,1292.2
2024-10-02,0,1287.84
2024-10-03,0,1278.1
2024-10-04,0,1270.6
2024-10-07,0,1269.9301
2024-10-08,0,1271.98
2024-10-09,0,1281.85
2024-10-10,0,1286.36
2024-10-11,0,1288.39
2024-10-14,0,1286.34
2024-10-15,0,1281.08
2024-10-16,0,1279.48
2024-10-17,0,1286.52
2024-10-18,0,1285.46
2024-10-21,0,1279.77
2024-10-22,0,1269.89
2024-10-23,0,1270.9
2024-10-24,0,1257.41
2024-10-25,0,1252.72
2024-10-28,0,1254.77
2024-10-29,0,1261.78
2024-10-30,0,1258.63
2024-10-31,0,1264.48
2024-11-01,0,1254.89
2024-11-04,0,1244.71
2024-11-05,0,1245.76
2024-11-06,0,1261.28
2024-11-07,0,1259.75
2024-11-08,0,1252.5601
2024-11-11,0,1250.3199
2024-11-12,0,1244.8199
2024-11-13,0,1246.04
2024-11-14,0,1231.89
2024-11-15,0,1218.5699
2024-11-18,0,1217.12
2024-11-19,0,1205.15
2024-11-20,1,1216.54
2024-11-21,1,1228.33
2024-11-22,1,1228.1
2024-11-25,1,1234.7
2024-11-26,1,1242.13
2024-11-27,1,1241.97
2024-11-28,1,1242.11
2024-11-29,1,1250.46
2024-12-02,1,1251.21
2024-12-03,1,1249.83
2024-12-04,1,1240.41
2024-12-05,1,1267.53
2024-12-06,1,1270.14
2024-12-09,1,1273.84
2024-12-10,1,1272.0699
2024-12-11,1,1268.86
2024-12-12,1,1267.35
2024-12-13,1,1262.5699
2024-12-16,1,1263.79
2024-12-17,1,1261.72
2024-12-18,1,1266.0
2024-12-19,1,1254.67
2024-12-20,1,1257.5
2024-12-23,1,1262.76
2024-12-24,1,1260.36
2024-12-25,1,1274.04
2024-12-26,1,1272.87
2024-12-27,1,1275.14
2024-12-30,1,1272.02
2024-12-31,1,1266.78
2025-01-02,1,1269.71
2025-01-03,1,1254.59
2025-01-06,1,1246.35
2025-01-07,1,1246.95
2025-01-08,1,1251.02
2025-01-09,1,1245.77
2025-01-10,1,1230.48
2025-01-13,1,1235.65
2025-01-14,1,1229.0699
2025-01-15,1,1236.1801
2025-01-16,1,1242.36
2025-01-17,1,1249.11
2025-01-20,1,1249.55
2025-01-21,1,1246.09
2025-01-22,1,1242.53
2025-01-23,1,1259.63
2025-01-24,1,1265.05
2025-02-03,1,1253.03
2025-02-04,1,1264.6801
2025-02-05,1,1269.61
2025-02-06,1,1271.48
2025-02-07,1,1275.2
2025-02-10,1,1263.26
2025-02-11,1,1268.45
2025-02-12,1,1266.91
2025-02-13,1,1270.35
2025-02-14,1,1276.08
2025-02-17,1,1272.72
2025-02-18,1,1278.14
2025-02-19,1,1288.5601
2025-02-20,1,1292.98
2025-02-21,1,1296.75
2025-02-24,1,1304.5601
2025-02-25,1,1303.16
2025-02-26,1,1302.96
2025-02-27,1,1307.8
2025-02-28,1,1305.36
2025-03-03,1,1309.37
2025-03-04,1,1311.91
2025-03-05,1,1304.71
2025-03-06,1,1318.22
2025-03-07,1,1326.05
2025-03-10,1,1330.28
2025-03-11,1,1332.54
2025-03-12,1,1334.41
2025-03-13,1,1326.27
2025-03-14,1,1326.15
2025-03-17,1,1336.26
2025-03-18,0,1330.97
2025-03-19,0,1324.63
2025-03-20,0,1323.9301
2025-03-21,0,1321.88
2025-03-24,0,1330.3199
2025-03-25,0,1331.92
2025-03-26,0,1326.09
2025-03-27,0,1323.8101
2025-03-28,0,1317.46
2025-03-31,0,1306.86
2025-04-01,0,1317.33
2025-04-02,0,1317.83
2025-04-03,0,1229.84
2025-04-04,0,1210.67
2025-04-08,0,1132.79
2025-04-09,0,1094.3
2025-04-10,1,1168.34
2025-04-11,1,1222.46
2025-04-14,1,1241.4399
2025-04-15,1,1227.79
2025-04-16,1,1210.3
2025-04-17,1,1217.25
2025-04-18,1,1219.12
2025-04-21,1,1207.0699
2025-04-22,1,1197.13
2025-04-23,1,1211.0
2025-04-24,1,1223.35
2025-04-25,1,1229.23
2025-04-28,1,1226.8
2025-04-29,1,1226.3
2025-05-05,1,1240.05
2025-05-06,1,1241.95
2025-05-07,1,1250.37
2025-05-08,1,1269.8
2025-05-09,1,1267.3
2025-05-12,1,1283.26
2025-05-13,1,1293.4301
2025-05-14,1,1309.73
2025-05-15,1,1313.2
2025-05-16,1,1301.39
2025-05-19,1,1296.29
2025-05-20,1,1315.15
2025-05-21,1,1323.05
2025-05-22,1,1313.84
2025-05-23,1,1314.46
2025-05-26,1,1332.51
2025-05-27,1,1339.8101
2025-05-28,1,1341.87
2025-05-29,1,1341.86
2025-05-30,1,1332.6
2025-06-02,1,1336.3
2025-06-03,1,1347.25
2025-06-04,1,1345.74
2025-06-05,1,1342.09
2025-06-06,1,1329.89
2025-06-09,1,1310.5699
2025-06-10,1,1316.23
2025-06-11,1,1315.2
2025-06-12,1,1322.99
2025-06-13,1,1315.49
2025-06-16,1,1338.11
2025-06-17,1,1347.6899
2025-06-18,1,1346.83
2025-06-19,1,1352.04
2025-06-20,1,1349.35
2025-06-23,1,1358.1801
2025-06-24,1,1366.77
2025-06-25,1,1366.75
2025-06-26,1,1365.67
2025-06-27,1,1371.4399
2025-06-30,1,1376.0699
2025-07-01,1,1377.84
2025-07-02,1,1384.59
2025-07-03,1,1381.96
2025-07-04,1,1386.97
2025-07-07,1,1402.0601
2025-07-08,1,1415.46
2025-07-09,1,1431.3199
2025-07-10,1,1445.64
2025-07-11,1,1457.76
2025-07-14,1,1470.42
2025-07-15,1,1460.65
2025-07-16,1,1475.47
2025-07-17,1,1490.01
2025-07-18,1,1497.28
2025-07-21,1,1485.05
2025-07-22,1,1509.54
2025-07-23,1,1512.3101
2025-07-24,1,1521.02
2025-07-25,1,1531.13
2025-07-28,1,1557.42
2025-07-29,1,1493.41
2025-07-30,1,1507.63
2025-07-31,1,1502.52
2025-08-01,1,1495.21
2025-08-04,1,1528.1899
2025-08-05,1,1547.15
2025-08-06,1,1573.71
2025-08-07,1,1581.8101
2025-08-08,1,1584.95
2025-08-11,1,1596.86
2025-08-12,1,1608.22
2025-08-13,1,1611.6
2025-08-14,1,1640.6899
2025-08-15,1,1630.0
2025-08-18,1,1636.37
2025-08-19,1,1654.2
2025-08-20,1,1664.36
2025-08-21,1,1688.0
2025-08-22,1,1645.47
2025-08-25,1,1614.03
2025-08-26,1,1667.63
2025-08-27,1,1672.78
2025-08-28,1,1680.86
2025-08-29,1,1682.21
2025-09-03,1,1681.3
2025-09-04,1,1696.29
2025-09-05,1,1666.97
2025-09-08,1,1624.53
2025-09-09,1,1637.3199
2025-09-10,1,1643.26
2025-09-11,1,1657.75
2025-09-12,1,1667.26
2025-09-15,1,1684.9
2025-09-16,1,1680.9
2025-09-17,1,1670.97
2025-09-18,1,1665.1801
2025-09-19,1,1658.62
2025-09-22,1,1634.45
2025-09-23,1,1635.26
2025-09-24,1,1657.46
2025-09-25,1,1666.09
2025-09-26,1,1660.7
2025-09-29,1,1666.48
2025-09-30,1,1661.7
2025-10-01,1,1665.05
2025-10-02,1,1652.71
2025-10-03,1,1645.8199
2025-10-06,1,1695.5
2025-10-07,1,1685.3
2025-10-08,1,1697.83
2025-10-09,1,1716.47
2025-10-10,1,1747.55
2025-10-13,1,1765.12
2025-10-14,1,1761.06
2025-10-15,1,1757.95
2025-10-16,1,1766.85
2025-10-17,0,1731.19
2025-10-20,0,1636.4301
2025-10-21,0,1663.4301
2025-10-22,0,1678.5
2025-10-23,0,1687.06
2025-10-24,0,1683.18
2025-10-27,0,1652.54
2025-10-28,0,1680.5
2025-10-29,0,1685.83
2025-10-30,0,1669.5699
2025-10-31,0,1639.65
2025-11-03,0,1617.0
2025-11-04,0,1651.98
2025-11-05,0,1654.89
2025-11-06,0,1642.64
2025-11-07,0,1599.1
2025-11-10,0,1580.54
2025-11-11,1,1593.61
2025-11-12,1,1631.86
2025-11-13,1,1631.4399
2025-11-14,1,1635.46
2025-11-17,1,1654.42
2025-11-18,1,1659.92
2025-11-19,1,1649.0
2025-11-20,1,1655.99
2025-11-21,1,1654.9301
2025-11-24,1,1667.98
2025-11-25,1,1660.36
2025-11-26,1,1680.36
2025-11-27,1,1684.32
2025-11-28,1,1690.99
2025-12-01,1,1701.67
2025-12-02,1,1717.06
2025-12-03,1,1731.77
2025-12-04,1,1737.24
2025-12-05,1,1741.32
2025-12-08,1,1753.74
2025-12-09,0,1747.17
2025-12-10,0,1718.98
2025-12-11,0,1698.9
2025-12-12,0,1646.89
2025-12-15,0,1646.01
2025-12-16,1,1679.18
2025-12-17,1,1673.66
2025-12-18,1,1676.98
2025-12-19,1,1704.31
2025-12-22,1,1751.03
2025-12-23,1,1772.15
2025-12-24,1,1782.82
2025-12-25,1,1742.85
2025-12-26,1,1729.8
2025-12-29,1,1754.84
2025-12-30,1,1766.9
2025-12-31,1,1784.49
2026-01-05,1,1788.4
2026-01-06,1,1816.27
2026-01-07,1,1861.58
2026-01-08,1,1855.56
2026-01-09,1,1867.9
2026-01-12,1,1877.33
2026-01-13,1,1902.93
2026-01-14,0,1894.44
2026-01-15,0,1864.8
2026-01-16,0,1879.13
2026-01-19,0,1896.59
2026-01-20,0,1893.78
2026-01-21,0,1885.44
2026-01-22,0,1882.73
2026-01-23,0,1870.79
2026-01-26,0,1843.72
2026-01-27,0,1830.5
2026-01-28,0,1802.91
2026-01-29,0,1814.98
2026-01-30,0,1829.04
2026-02-02,0,1806.5
2026-02-03,0,1813.4
2026-02-04,0,1791.43
2026-02-05,0,1782.56
2026-02-06,0,1755.49
2026-02-09,0,1754.82
2026-02-10,0,1754.03
